{
  "credit": "Made with Blockbench",
  "parent": "builtin/entity",
  "texture_size": [
    64,
    64
  ],
  "display": {
    "thirdperson_righthand": {
      "rotation": [
        4.02,
        0.09,
        89.53
      ],
      "translation": [
        0.5,
        5,
        1
      ],
      "scale": [
        0.5,
        0.5,
        0.5
      ]
    },
    "thirdperson_lefthand": {
      "rotation": [
        -176,
        0.09000000000014552,
        89.5300000000002
      ],
      "translation": [
        0.25,
        5,
        2.25
      ],
      "scale": [
        0.5,
        0.5,
        0.5
      ]
    },
    "firstperson_righthand": {
      "rotation": [
        4.019999999999982,
        0.09000000000014552,
        89.5300000000002
      ],
      "translation": [
        0.5,
        5,
        1
      ],
      "scale": [
        0.5,
        0.5,
        0.5
      ]
    },
    "firstperson_lefthand": {
      "rotation": [
        -176,
        0.09000000000014552,
        89.5300000000002
      ],
      "translation": [
        0.25,
        5,
        2.25
      ],
      "scale": [
        0.5,
        0.5,
        0.5
      ]
    },
    "ground": {
      "translation": [
        -5.75,
        0,
        -0.25
      ],
      "scale": [
        0.5,
        0.5,
        0.5
      ]
    },
    "gui": {
      "rotation": [
        -91.29,
        -45.1,
        -0.83
      ],
      "translation": [
        -2.75,
        -3.25,
        0.25
      ],
      "scale": [
        0.4,
        0.4,
        0.4
      ]
    },
    "head": {
      "rotation": [
        -176,
        0.09000000000014552,
        89.5300000000002
      ],
      "translation": [
        0.25,
        5,
        2.25
      ],
      "scale": [
        0.5,
        0.5,
        0.5
      ]
    },
    "fixed": {
      "rotation": [
        91.3,
        -44.14,
        -178.97
      ],
      "translation": [
        3.5,
        -2.75,
        0.25
      ],
      "scale": [
        0.4,
        0.4,
        0.4
      ]
    },
    "on_shelf": {
      "rotation": [
        -91.28999999999996,
        -45.09999999999991,
        -0.8299999999999272
      ],
      "translation": [
        -2.75,
        -3.25,
        0.25
      ],
      "scale": [
        0.4,
        0.4,
        0.4
      ]
    }
  }
}