{
  "credit": "Made with Blockbench",
  "parent": "builtin/entity",
  "texture_size": [
    128,
    128
  ],
  "display": {
    "thirdperson_righthand": {
      "rotation": [
        4.019999999999982,
        0.09000000000014552,
        89.5300000000002
      ],
      "translation": [
        0.25,
        11.25,
        2.25
      ],
      "scale": [
        0.18,
        0.18,
        0.18
      ]
    },
    "thirdperson_lefthand": {
      "rotation": [
        -176,
        0.09000000000014552,
        89.5300000000002
      ],
      "translation": [
        0.25,
        11.25,
        2.25
      ],
      "scale": [
        0.18,
        0.18,
        0.18
      ]
    },
    "firstperson_righthand": {
      "rotation": [
        4.019999999999982,
        0.09000000000014552,
        89.5300000000002
      ],
      "translation": [
        0.25,
        11.25,
        2.25
      ],
      "scale": [
        0.18,
        0.18,
        0.18
      ]
    },
    "firstperson_lefthand": {
      "rotation": [
        -176,
        0.09000000000014552,
        89.5300000000002
      ],
      "translation": [
        0.25,
        11.25,
        2.25
      ],
      "scale": [
        0.18,
        0.18,
        0.18
      ]
    },
    "ground": {
      "scale": [
        0.18,
        0.18,
        0.18
      ]
    },
    "gui": {
      "rotation": [
        -91.28999999999996,
        -45.09999999999991,
        -0.8299999999999272
      ],
      "translation": [
        0.25,
        0.75,
        0.25
      ],
      "scale": [
        0.15,
        0.15,
        0.15
      ]
    },
    "head": {
      "rotation": [
        -176,
        0.09000000000014552,
        89.5300000000002
      ],
      "translation": [
        0.25,
        11.25,
        2.25
      ],
      "scale": [
        0.18,
        0.18,
        0.18
      ]
    },
    "fixed": {
      "rotation": [
        91.30000000000018,
        -44.13999999999987,
        -178.9699999999998
      ],
      "translation": [
        -0.75,
        0.5,
        0.25
      ],
      "scale": [
        0.15,
        0.15,
        0.15
      ]
    },
    "on_shelf": {
      "rotation": [
        -91.28999999999996,
        -45.09999999999991,
        -0.8299999999999272
      ],
      "translation": [
        0.25,
        0.75,
        0.25
      ],
      "scale": [
        0.15,
        0.15,
        0.15
      ]
    }
  }
}